                  epoch,         train/box_loss,         train/cls_loss,         train/dfl_loss,   metrics/precision(B),      metrics/recall(B),       metrics/mAP50(B),    metrics/mAP50-95(B),           val/box_loss,           val/cls_loss,           val/dfl_loss,                 lr/pg0,                 lr/pg1,                 lr/pg2
                      1,                0.98426,                 2.1397,                 1.2078,                0.81711,                0.79136,                0.87542,                0.65194,                0.77202,                 1.0428,                 1.1113,              0.0033289,              0.0033289,              0.0033289
                      2,                0.84209,                 1.0957,                 1.0969,                0.91008,                0.88483,                0.94045,                0.73355,                0.72551,                0.72712,                 1.0869,              0.0066402,              0.0066402,              0.0066402
                      3,                0.86341,                  0.863,                 1.1045,                0.84699,                0.85198,                0.90964,                0.66339,                0.84629,                0.67529,                 1.1848,              0.0099296,              0.0099296,              0.0099296
                      4,                 0.8556,                0.73697,                 1.0997,                0.87135,                0.91038,                0.94358,                0.72558,                0.72962,                0.52598,                 1.0886,               0.009901,               0.009901,               0.009901
                      5,                0.81657,                0.65046,                 1.0792,                0.80077,                 0.8249,                0.87623,                0.66996,                 0.7401,                0.57115,                 1.1056,               0.009901,               0.009901,               0.009901
                      6,                0.79375,                0.60784,                 1.0687,                0.95421,                0.92679,                 0.9666,                0.76665,                0.68337,                0.40839,                 1.0598,               0.009868,               0.009868,               0.009868
                      7,                 0.7686,                0.57508,                 1.0557,                0.93396,                0.90107,                0.96013,                0.76212,                0.69369,                0.44312,                 1.0699,               0.009835,               0.009835,               0.009835
                      8,                0.75664,                0.55243,                 1.0514,                0.94557,                0.93346,                0.96517,                0.77063,                0.67443,                0.40394,                 1.0595,               0.009802,               0.009802,               0.009802
                      9,                0.74275,                0.53264,                  1.044,                0.94826,                0.93845,                0.95708,                0.78035,                0.65387,                0.38442,                 1.0442,               0.009769,               0.009769,               0.009769
                     10,                 0.7274,                0.51999,                 1.0355,                0.95053,                0.94362,                0.97606,                0.80273,                0.65315,                0.36741,                 1.0445,               0.009736,               0.009736,               0.009736
                     11,                0.71979,                0.50496,                 1.0338,                0.92284,                0.95165,                0.96496,                0.78401,                0.65148,                0.37376,                 1.0409,               0.009703,               0.009703,               0.009703
                     12,                0.71116,                0.49551,                 1.0305,                0.95453,                0.94675,                 0.9773,                0.81308,                 0.6324,                0.35125,                  1.027,                0.00967,                0.00967,                0.00967
                     13,                0.70278,                0.48763,                 1.0232,                0.95126,                0.93405,                0.96867,                0.80042,                0.65041,                0.36951,                 1.0381,               0.009637,               0.009637,               0.009637
                     14,                0.69505,                0.47677,                 1.0217,                0.95883,                0.94153,                0.97253,                0.81373,                0.62167,                0.33976,                 1.0242,               0.009604,               0.009604,               0.009604
                     15,                0.68919,                0.47249,                 1.0183,                0.94053,                0.94556,                0.96746,                0.80621,                0.61839,                0.35325,                 1.0214,               0.009571,               0.009571,               0.009571
                     16,                0.67984,                0.46278,                 1.0134,                0.95758,                0.94464,                0.98117,                0.82294,                0.60974,                0.32551,                 1.0119,               0.009538,               0.009538,               0.009538
                     17,                0.67813,                0.45822,                  1.011,                0.94597,                0.96321,                 0.9759,                0.82039,                0.60518,                  0.315,                 1.0167,               0.009505,               0.009505,               0.009505
                     18,                0.67304,                  0.449,                 1.0108,                0.95742,                0.95284,                0.97943,                0.82033,                0.61435,                0.32493,                 1.0184,               0.009472,               0.009472,               0.009472
                     19,                0.66834,                 0.4444,                 1.0052,                0.94864,                0.95055,                0.97199,                0.81837,                0.59849,                0.31922,                 1.0118,               0.009439,               0.009439,               0.009439
                     20,                0.66681,                0.43872,                 1.0058,                0.96782,                0.94359,                0.97717,                0.81932,                0.60259,                0.31668,                 1.0159,               0.009406,               0.009406,               0.009406
                     21,                0.65872,                0.43261,                 1.0038,                0.95917,                0.95122,                0.97436,                0.82313,                0.59447,                0.32082,                 1.0061,               0.009373,               0.009373,               0.009373
                     22,                0.65192,                0.42892,                0.99868,                0.95648,                0.95569,                  0.979,                0.81927,                0.59815,                0.31091,                 1.0157,                0.00934,                0.00934,                0.00934
                     23,                0.64857,                0.42656,                 0.9983,                0.95663,                0.95337,                0.98084,                0.83019,                0.58782,                0.30555,                 1.0038,               0.009307,               0.009307,               0.009307
                     24,                0.64494,                0.42299,                0.99659,                0.94806,                0.96447,                0.98019,                0.83323,                0.59125,                0.30226,                 1.0047,               0.009274,               0.009274,               0.009274
                     25,                0.64592,                0.41711,                 0.9991,                0.95496,                 0.9516,                0.97935,                0.82863,                0.58141,                0.30702,                  1.002,               0.009241,               0.009241,               0.009241
                     26,                0.63773,                0.41819,                0.99508,                0.96896,                0.95966,                0.98232,                0.83374,                0.58859,                0.28934,                 1.0027,               0.009208,               0.009208,               0.009208
                     27,                0.63637,                0.41578,                0.99074,                0.95862,                0.95978,                 0.9831,                0.84127,                 0.5777,                0.29546,                0.99846,               0.009175,               0.009175,               0.009175
                     28,                0.63701,                0.40779,                0.99177,                0.95358,                0.95886,                0.98091,                0.84169,                0.58146,                0.29674,                0.99817,               0.009142,               0.009142,               0.009142
                     29,                0.62974,                0.40207,                0.98965,                0.95606,                0.95136,                0.98027,                0.84123,                0.57578,                0.29456,                0.99743,               0.009109,               0.009109,               0.009109
                     30,                0.62961,                0.40714,                0.99052,                0.95991,                0.95211,                0.97917,                0.84267,                0.58209,                0.29408,                0.99913,               0.009076,               0.009076,               0.009076
                     31,                0.62984,                0.40607,                0.98927,                0.96473,                0.95535,                0.98009,                 0.8432,                0.56817,                0.28963,                0.99202,               0.009043,               0.009043,               0.009043
                     32,                0.62399,                0.40176,                 0.9871,                 0.9669,                0.95308,                0.98112,                0.84627,                0.56243,                0.28535,                0.98845,                0.00901,                0.00901,                0.00901
                     33,                0.62076,                0.39641,                0.98715,                0.96537,                0.95874,                0.98195,                0.84693,                0.56555,                0.28358,                0.99086,               0.008977,               0.008977,               0.008977
                     34,                 0.6212,                0.39592,                0.98494,                0.96856,                0.95307,                0.98063,                0.84835,                0.56537,                0.28111,                0.99269,               0.008944,               0.008944,               0.008944
                     35,                0.61979,                0.39198,                 0.9824,                0.96444,                0.95339,                0.97937,                0.84432,                0.55997,                0.27592,                0.99146,               0.008911,               0.008911,               0.008911
                     36,                 0.6159,                0.39546,                0.98153,                0.95994,                0.96357,                0.98358,                0.85199,                 0.5575,                0.27453,                0.98812,               0.008878,               0.008878,               0.008878
                     37,                0.61246,                0.38439,                0.98144,                0.95981,                0.95823,                0.97567,                0.84363,                0.55657,                 0.2844,                0.98572,               0.008845,               0.008845,               0.008845
                     38,                0.61193,                0.39151,                0.98064,                0.96833,                0.95532,                0.98157,                0.85092,                0.55617,                0.27624,                0.98637,               0.008812,               0.008812,               0.008812
                     39,                0.60975,                0.38481,                0.97538,                0.95183,                0.97339,                0.98067,                0.84895,                0.55137,                0.27692,                0.98383,               0.008779,               0.008779,               0.008779
                     40,                0.60841,                0.38728,                0.97655,                0.95748,                0.95583,                0.98005,                0.84831,                0.54993,                0.27764,                0.97949,               0.008746,               0.008746,               0.008746
                     41,                0.60659,                0.38273,                0.97626,                0.96363,                0.95438,                0.98058,                0.85873,                0.55108,                0.27495,                0.98331,               0.008713,               0.008713,               0.008713
                     42,                0.60689,                0.38193,                0.97588,                0.96336,                0.95617,                0.98278,                 0.8577,                0.54657,                0.27594,                0.97857,                0.00868,                0.00868,                0.00868
                     43,                0.60665,                0.37745,                0.97848,                0.96547,                0.95726,                 0.9825,                 0.8598,                0.54905,                0.27145,                0.98103,               0.008647,               0.008647,               0.008647
                     44,                0.60427,                0.37955,                0.97615,                0.96581,                0.95965,                0.98351,                0.85712,                0.54578,                0.26682,                0.98078,               0.008614,               0.008614,               0.008614
                     45,                0.59759,                0.37436,                0.97136,                0.96078,                0.95621,                0.98113,                0.85835,                0.54407,                0.27289,                0.97987,               0.008581,               0.008581,               0.008581
                     46,                0.59518,                0.37512,                0.96839,                0.95591,                0.95712,                0.98203,                0.85605,                0.54417,                0.27034,                0.97921,               0.008548,               0.008548,               0.008548
                     47,                0.59647,                0.37672,                0.97158,                0.95227,                0.96709,                0.98105,                0.85801,                0.53905,                0.27183,                0.97681,               0.008515,               0.008515,               0.008515
                     48,                0.59148,                0.36902,                 0.9688,                  0.964,                0.95776,                0.98367,                0.86111,                0.54158,                0.26952,                0.97724,               0.008482,               0.008482,               0.008482
                     49,                0.59289,                0.36926,                0.97166,                 0.9637,                0.95893,                0.98164,                0.86104,                0.54352,                0.26592,                0.98138,               0.008449,               0.008449,               0.008449
                     50,                 0.5915,                0.36939,                0.97059,                0.95813,                0.96194,                0.98124,                0.85794,                0.54215,                0.26735,                0.97899,               0.008416,               0.008416,               0.008416
                     51,                 0.5868,                0.36887,                0.96877,                 0.9657,                0.95338,                0.97973,                 0.8574,                 0.5443,                0.26729,                0.98295,               0.008383,               0.008383,               0.008383
                     52,                0.58734,                0.36285,                0.96831,                0.95888,                 0.9621,                0.98225,                 0.8604,                0.54439,                0.26508,                0.98278,                0.00835,                0.00835,                0.00835
                     53,                0.58823,                 0.3673,                0.96936,                0.95958,                 0.9632,                0.98116,                0.85761,                0.54329,                0.26467,                0.98166,               0.008317,               0.008317,               0.008317
                     54,                0.58241,                 0.3634,                0.96571,                 0.9548,                 0.9667,                 0.9776,                0.85465,                0.54396,                0.26661,                0.98219,               0.008284,               0.008284,               0.008284
                     55,                0.58135,                0.36022,                0.96403,                0.96046,                0.95659,                 0.9768,                 0.8563,                0.54351,                0.26813,                0.98171,               0.008251,               0.008251,               0.008251
                     56,                0.58182,                0.35965,                0.96721,                0.95359,                0.96205,                0.97895,                0.86005,                0.53992,                  0.263,                0.98009,               0.008218,               0.008218,               0.008218
                     57,                0.58019,                0.35731,                0.96577,                 0.9593,                0.96396,                 0.9796,                0.85891,                0.53922,                0.25949,                0.98059,               0.008185,               0.008185,               0.008185
                     58,                0.57892,                0.35773,                 0.9657,                0.96745,                0.95763,                 0.9794,                0.85741,                0.54002,                0.25848,                0.98003,               0.008152,               0.008152,               0.008152
                     59,                0.57843,                0.35682,                0.96349,                 0.9637,                0.96332,                 0.9818,                0.85913,                0.54056,                0.25917,                0.97975,               0.008119,               0.008119,               0.008119
                     60,                0.57513,                 0.3564,                0.96142,                0.96327,                0.96663,                0.98092,                0.85971,                0.54052,                0.25796,                0.98037,               0.008086,               0.008086,               0.008086
                     61,                 0.5778,                0.36131,                0.96589,                0.95836,                0.96676,                 0.9791,                0.85763,                0.53995,                0.25816,                0.98082,               0.008053,               0.008053,               0.008053
                     62,                0.57478,                0.34815,                0.95913,                0.96469,                0.96078,                0.97953,                0.85819,                0.53862,                0.25872,                0.98105,                0.00802,                0.00802,                0.00802
                     63,                0.57293,                0.35001,                0.96045,                0.95991,                0.96627,                0.97991,                0.85883,                0.53751,                0.25742,                0.98015,               0.007987,               0.007987,               0.007987
                     64,                0.56947,                0.34864,                0.96227,                0.96005,                0.96574,                0.98222,                0.86135,                0.53832,                0.26061,                0.98064,               0.007954,               0.007954,               0.007954
                     65,                0.57359,                0.35355,                0.96367,                 0.9562,                0.96916,                 0.9812,                0.86025,                 0.5378,                0.26148,                0.98138,               0.007921,               0.007921,               0.007921
                     66,                0.57038,                0.34839,                0.95789,                0.95455,                0.96906,                0.98155,                0.86149,                0.53609,                0.26138,                0.98033,               0.007888,               0.007888,               0.007888
                     67,                0.56508,                0.35078,                0.95746,                0.95538,                0.97036,                0.97954,                0.85993,                0.53471,                0.26048,                0.97937,               0.007855,               0.007855,               0.007855
                     68,                 0.5696,                0.35073,                 0.9599,                 0.9537,                0.96824,                0.98031,                0.85905,                0.53395,                0.26104,                0.97977,               0.007822,               0.007822,               0.007822
                     69,                0.56435,                0.34134,                0.95884,                0.96005,                0.96137,                0.98098,                0.86063,                0.53441,                0.25957,                0.98044,               0.007789,               0.007789,               0.007789
                     70,                0.56362,                0.34446,                0.95652,                0.95738,                0.96084,                0.98076,                0.86247,                0.53478,                0.25909,                0.98032,               0.007756,               0.007756,               0.007756
                     71,                0.56568,                0.34307,                0.95851,                0.96004,                0.96027,                0.98086,                0.86069,                0.53521,                0.25936,                0.98095,               0.007723,               0.007723,               0.007723
                     72,                0.56038,                 0.3392,                0.95656,                0.95685,                0.96004,                0.98063,                0.86035,                0.53557,                0.26082,                0.98143,                0.00769,                0.00769,                0.00769
                     73,                0.55879,                0.34224,                0.95295,                 0.9566,                 0.9634,                0.98008,                0.86005,                0.53404,                0.25972,                   0.98,               0.007657,               0.007657,               0.007657
                     74,                0.56077,                0.34511,                0.95513,                0.95595,                0.96657,                0.98077,                0.86174,                0.53386,                0.25845,                0.97969,               0.007624,               0.007624,               0.007624
                     75,                0.55909,                0.34124,                0.95589,                0.95633,                0.96333,                0.98155,                0.86082,                0.53344,                0.25687,                0.97951,               0.007591,               0.007591,               0.007591
                     76,                0.55889,                0.34029,                0.95559,                0.95723,                0.96479,                0.98185,                0.86151,                0.53333,                 0.2571,                 0.9793,               0.007558,               0.007558,               0.007558
                     77,                0.55822,                0.33796,                0.95461,                0.95597,                0.96389,                0.98229,                0.86248,                0.53313,                 0.2562,                0.97936,               0.007525,               0.007525,               0.007525
                     78,                0.55257,                0.33799,                0.94989,                0.95802,                0.96457,                0.98238,                0.86331,                0.53353,                0.25561,                0.97977,               0.007492,               0.007492,               0.007492
                     79,                 0.5508,                0.33801,                0.95122,                0.95393,                0.96778,                0.98216,                0.86154,                 0.5336,                0.25539,                0.98004,               0.007459,               0.007459,               0.007459
                     80,                0.55251,                0.33768,                0.95211,                0.95211,                0.96922,                0.98156,                0.86206,                0.53312,                0.25513,                0.97978,               0.007426,               0.007426,               0.007426
                     81,                0.55303,                0.33752,                0.95214,                 0.9573,                0.96237,                0.98322,                0.86294,                0.53325,                0.25493,                0.98027,               0.007393,               0.007393,               0.007393
                     82,                0.55194,                0.33254,                0.94922,                 0.9621,                   0.96,                0.98342,                 0.8635,                0.53271,                0.25492,                0.97998,                0.00736,                0.00736,                0.00736
                     83,                 0.5476,                0.33525,                0.94832,                0.96289,                0.96176,                0.98241,                 0.8633,                 0.5326,                0.25443,                0.98026,               0.007327,               0.007327,               0.007327
                     84,                0.54831,                0.33066,                0.94915,                0.96157,                0.96401,                0.98355,                0.86513,                 0.5324,                0.25394,                0.98028,               0.007294,               0.007294,               0.007294
                     85,                0.55069,                0.33344,                0.95259,                0.96257,                0.96493,                0.98337,                0.86527,                0.53207,                0.25387,                0.98009,               0.007261,               0.007261,               0.007261
                     86,                0.55081,                0.33671,                0.95075,                0.96012,                0.96612,                 0.9834,                0.86479,                0.53207,                0.25346,                0.98041,               0.007228,               0.007228,               0.007228
                     87,                0.54574,                0.33363,                0.95072,                0.95901,                0.96631,                0.98344,                0.86498,                0.53197,                0.25324,                0.98042,               0.007195,               0.007195,               0.007195
                     88,                0.54463,                0.32641,                0.94903,                0.95823,                0.96741,                0.98313,                0.86521,                0.53198,                0.25394,                0.98058,               0.007162,               0.007162,               0.007162
                     89,                0.54622,                 0.3355,                0.94981,                 0.9578,                0.96772,                0.98318,                 0.8652,                0.53201,                0.25345,                0.98066,               0.007129,               0.007129,               0.007129
                     90,                0.54552,                0.33109,                0.95019,                0.95772,                0.96611,                0.98291,                0.86489,                0.53176,                0.25414,                0.98032,               0.007096,               0.007096,               0.007096
                     91,                 0.5395,                0.32699,                 0.9437,                0.96008,                0.96522,                0.98291,                0.86518,                0.53158,                0.25381,                0.98002,               0.007063,               0.007063,               0.007063
                     92,                0.54268,                0.32662,                0.94759,                0.96393,                0.96183,                0.98303,                0.86525,                 0.5314,                 0.2538,                0.97986,                0.00703,                0.00703,                0.00703
                     93,                0.54521,                0.33031,                0.94843,                0.96402,                 0.9615,                0.98318,                0.86459,                0.53109,                0.25349,                0.97979,               0.006997,               0.006997,               0.006997
                     94,                0.53838,                0.32591,                0.94444,                0.96286,                0.96144,                0.98316,                0.86544,                0.53107,                0.25341,                0.97984,               0.006964,               0.006964,               0.006964
                     95,                0.54215,                0.32504,                0.94772,                0.96307,                0.96128,                0.98306,                0.86553,                 0.5308,                0.25324,                 0.9798,               0.006931,               0.006931,               0.006931
                     96,                0.53646,                0.32154,                0.94415,                0.96579,                0.95988,                0.98309,                0.86518,                0.53078,                 0.2532,                0.97985,               0.006898,               0.006898,               0.006898
                     97,                0.53976,                0.32812,                0.94693,                0.96479,                0.96002,                 0.9833,                0.86646,                 0.5306,                0.25332,                 0.9798,               0.006865,               0.006865,               0.006865
                     98,                0.53902,                0.32222,                0.94625,                0.96481,                0.95961,                0.98213,                0.86606,                0.53026,                0.25344,                0.97967,               0.006832,               0.006832,               0.006832
                     99,                0.53549,                0.32044,                0.94525,                0.96482,                0.95964,                0.98252,                0.86679,                0.53032,                0.25296,                0.97991,               0.006799,               0.006799,               0.006799
                    100,                0.53454,                0.32108,                0.94395,                0.96454,                0.95947,                0.98269,                 0.8673,                0.52996,                 0.2531,                0.97973,               0.006766,               0.006766,               0.006766
                    101,                0.53403,                0.32275,                0.94517,                0.96454,                0.95913,                0.98248,                 0.8673,                0.52976,                0.25291,                0.97962,               0.006733,               0.006733,               0.006733
                    102,                0.53323,                0.32093,                0.94252,                0.96364,                0.96045,                0.98259,                0.86656,                 0.5299,                0.25256,                0.97992,                 0.0067,                 0.0067,                 0.0067
                    103,                0.53495,                0.32225,                 0.9459,                0.96381,                0.95974,                0.98227,                0.86692,                0.52981,                0.25287,                0.98004,               0.006667,               0.006667,               0.006667
                    104,                0.53215,                0.31568,                0.94185,                0.96398,                0.95971,                0.98239,                0.86665,                0.52966,                0.25281,                0.98008,               0.006634,               0.006634,               0.006634
                    105,                0.53029,                0.31977,                0.93922,                0.96366,                0.95982,                0.98299,                0.86688,                0.52968,                0.25262,                 0.9802,               0.006601,               0.006601,               0.006601
                    106,                  0.531,                0.31659,                0.94207,                0.96403,                0.95957,                0.98307,                0.86657,                0.52968,                0.25313,                0.98018,               0.006568,               0.006568,               0.006568
                    107,                0.53181,                0.31904,                0.94316,                0.96385,                0.95905,                0.98316,                0.86724,                0.52969,                0.25291,                0.98022,               0.006535,               0.006535,               0.006535
                    108,                0.52805,                0.32003,                0.93944,                0.96701,                 0.9588,                0.98281,                0.86696,                0.52961,                0.25282,                0.98028,               0.006502,               0.006502,               0.006502
                    109,                0.53506,                0.32145,                0.94563,                0.96555,                0.95722,                0.98295,                0.86699,                0.52962,                0.25299,                0.98032,               0.006469,               0.006469,               0.006469
                    110,                  0.528,                0.31758,                0.94019,                0.96555,                0.95695,                  0.983,                 0.8673,                0.52947,                0.25239,                0.98046,               0.006436,               0.006436,               0.006436
                    111,                0.52754,                0.31489,                0.94187,                0.96566,                0.95665,                 0.9829,                0.86661,                0.52932,                0.25214,                0.98044,               0.006403,               0.006403,               0.006403
                    112,                0.52433,                0.31114,                0.93832,                0.96587,                0.95643,                0.98283,                0.86651,                0.52941,                0.25279,                0.98064,                0.00637,                0.00637,                0.00637
                    113,                0.52232,                0.31055,                0.93562,                0.96483,                0.95693,                0.98263,                0.86619,                0.52946,                0.25245,                0.98076,               0.006337,               0.006337,               0.006337
                    114,                0.52652,                0.31608,                0.94116,                0.96585,                0.95643,                0.98281,                0.86692,                0.52944,                0.25262,                0.98075,               0.006304,               0.006304,               0.006304
                    115,                0.52221,                0.31237,                0.93572,                0.96599,                0.95643,                0.98265,                 0.8667,                0.52934,                0.25288,                0.98084,               0.006271,               0.006271,               0.006271
                    116,                0.52019,                0.31001,                0.93851,                0.96587,                0.95633,                0.98259,                0.86675,                0.52931,                0.25224,                0.98105,               0.006238,               0.006238,               0.006238
                    117,                 0.5238,                0.30911,                0.93709,                0.96575,                0.95671,                0.98249,                0.86583,                0.52926,                0.25242,                0.98109,               0.006205,               0.006205,               0.006205
                    118,                0.51673,                0.30844,                0.93671,                0.96603,                0.95677,                0.98251,                0.86622,                0.52913,                0.25253,                0.98109,               0.006172,               0.006172,               0.006172
                    119,                0.52165,                0.31031,                0.93593,                0.96648,                0.95663,                0.98235,                0.86662,                0.52888,                0.25241,                0.98102,               0.006139,               0.006139,               0.006139
                    120,                0.51797,                0.30638,                0.93484,                0.96695,                0.95679,                 0.9823,                0.86649,                0.52877,                 0.2526,                0.98077,               0.006106,               0.006106,               0.006106
                    121,                0.51826,                0.30926,                0.93528,                0.96707,                 0.9565,                0.98229,                0.86678,                0.52866,                0.25253,                0.98075,               0.006073,               0.006073,               0.006073
                    122,                0.51783,                0.30925,                0.93559,                0.96728,                0.95647,                0.98228,                0.86672,                0.52851,                0.25272,                0.98068,                0.00604,                0.00604,                0.00604
                    123,                0.51994,                0.31282,                0.93581,                0.96737,                0.95676,                0.98246,                0.86791,                0.52827,                0.25268,                0.98055,               0.006007,               0.006007,               0.006007
                    124,                0.51319,                0.30337,                0.93464,                0.96732,                0.95658,                0.98252,                0.86723,                0.52832,                0.25268,                0.98055,               0.005974,               0.005974,               0.005974
                    125,                0.51844,                0.30813,                0.93518,                0.96678,                0.95739,                0.98235,                0.86797,                0.52822,                0.25251,                0.98053,               0.005941,               0.005941,               0.005941
                    126,                0.51333,                0.30658,                0.93518,                0.96671,                0.95739,                0.98253,                0.86873,                0.52799,                0.25274,                0.98043,               0.005908,               0.005908,               0.005908
                    127,                0.50858,                0.30273,                0.93108,                0.96614,                0.95783,                0.98196,                0.86806,                0.52772,                0.25258,                 0.9803,               0.005875,               0.005875,               0.005875
                    128,                0.51641,                0.30822,                0.93858,                0.96663,                0.95766,                0.98187,                 0.8671,                0.52756,                 0.2523,                0.98028,               0.005842,               0.005842,               0.005842
                    129,                0.51123,                0.30424,                0.93339,                0.96663,                 0.9576,                0.98167,                0.86705,                0.52742,                0.25263,                0.98025,               0.005809,               0.005809,               0.005809
                    130,                0.51634,                0.30707,                 0.9379,                0.96648,                0.95768,                0.98205,                0.86764,                0.52722,                0.25279,                0.98021,               0.005776,               0.005776,               0.005776
                    131,                 0.5104,                0.30315,                0.93295,                0.96671,                0.95756,                0.98226,                0.86702,                0.52711,                0.25265,                0.98021,               0.005743,               0.005743,               0.005743
                    132,                0.51006,                0.30386,                0.93154,                0.96692,                0.95747,                0.98214,                0.86655,                  0.527,                0.25259,                0.98014,                0.00571,                0.00571,                0.00571
                    133,                0.51066,                0.30408,                0.93029,                0.96719,                0.95697,                0.98204,                0.86675,                0.52698,                0.25272,                0.98016,               0.005677,               0.005677,               0.005677
                    134,                0.50334,                0.30202,                0.93063,                0.96717,                 0.9571,                0.98177,                0.86713,                0.52706,                0.25234,                0.98037,               0.005644,               0.005644,               0.005644
                    135,                0.50805,                0.30451,                0.93247,                0.96699,                0.95682,                0.98126,                0.86622,                0.52695,                0.25234,                0.98039,               0.005611,               0.005611,               0.005611
                    136,                0.50285,                    0.3,                0.93138,                0.96653,                  0.957,                0.98123,                0.86708,                0.52677,                0.25234,                0.98029,               0.005578,               0.005578,               0.005578
                    137,                0.50605,                0.30033,                0.92886,                0.95497,                0.96801,                0.98049,                0.86618,                0.52659,                0.25226,                0.98027,               0.005545,               0.005545,               0.005545
                    138,                 0.5089,                0.29869,                0.93286,                0.95762,                0.96579,                0.98017,                0.86648,                 0.5265,                  0.252,                 0.9802,               0.005512,               0.005512,               0.005512
                    139,                0.50659,                0.30355,                 0.9311,                 0.9577,                0.96647,                0.98114,                0.86758,                0.52631,                0.25256,                0.98011,               0.005479,               0.005479,               0.005479
                    140,                0.50407,                0.29971,                0.92984,                 0.9575,                0.96672,                 0.9809,                0.86789,                0.52628,                0.25251,                0.98006,               0.005446,               0.005446,               0.005446
                    141,                0.50055,                0.29875,                0.92914,                0.95754,                0.96655,                0.98099,                0.86819,                0.52601,                0.25248,                0.97986,               0.005413,               0.005413,               0.005413
                    142,                0.50168,                0.29888,                0.92932,                 0.9573,                0.96647,                0.98101,                0.86838,                0.52589,                0.25226,                0.97986,                0.00538,                0.00538,                0.00538
                    143,                0.50092,                0.29355,                0.92781,                0.95752,                0.96643,                0.98066,                0.86782,                0.52578,                 0.2525,                0.97981,               0.005347,               0.005347,               0.005347
                    144,                0.49718,                0.29693,                0.92656,                0.95755,                0.96727,                0.98113,                0.86926,                0.52577,                0.25215,                0.97984,               0.005314,               0.005314,               0.005314
                    145,                0.49753,                0.29741,                0.92897,                0.95728,                0.96767,                0.98116,                 0.8693,                0.52571,                0.25175,                 0.9799,               0.005281,               0.005281,               0.005281
                    146,                0.50105,                0.29851,                0.92682,                0.95749,                0.96734,                0.98101,                0.86984,                0.52568,                0.25184,                0.97993,               0.005248,               0.005248,               0.005248
                    147,                0.49965,                0.29449,                0.92779,                 0.9572,                0.96724,                0.98067,                0.86943,                 0.5257,                0.25192,                0.97997,               0.005215,               0.005215,               0.005215
                    148,                0.50011,                0.29356,                0.92781,                0.95737,                0.96723,                0.97994,                0.86833,                0.52577,                 0.2522,                 0.9799,               0.005182,               0.005182,               0.005182
                    149,                0.49733,                  0.294,                0.92623,                0.95854,                0.96723,                 0.9803,                0.86774,                0.52564,                 0.2522,                0.97981,               0.005149,               0.005149,               0.005149
                    150,                 0.4999,                0.29413,                0.92852,                 0.9594,                0.96719,                0.98071,                0.86946,                0.52536,                0.25203,                0.97966,               0.005116,               0.005116,               0.005116
                    151,                0.49753,                0.29597,                 0.9263,                0.95997,                0.96655,                0.98036,                0.86859,                0.52539,                0.25195,                0.97972,               0.005083,               0.005083,               0.005083
                    152,                0.49255,                0.29281,                0.92668,                0.95947,                0.96723,                0.98047,                0.86928,                0.52539,                0.25188,                 0.9798,                0.00505,                0.00505,                0.00505
                    153,                0.49392,                0.29209,                0.92647,                0.95914,                0.96723,                0.98035,                0.86884,                0.52546,                0.25215,                0.97983,               0.005017,               0.005017,               0.005017
                    154,                0.49146,                0.28562,                0.92607,                0.95907,                0.96723,                0.98017,                 0.8694,                0.52521,                0.25214,                0.97975,               0.004984,               0.004984,               0.004984
                    155,                0.49099,                0.29069,                0.92372,                0.95909,                0.96723,                0.98008,                0.86907,                0.52513,                0.25253,                0.97975,               0.004951,               0.004951,               0.004951
                    156,                0.48908,                0.28807,                0.92232,                0.95911,                0.96723,                0.98014,                0.87013,                0.52505,                0.25235,                0.97971,               0.004918,               0.004918,               0.004918
                    157,                0.49186,                0.29437,                0.92384,                 0.9592,                0.96723,                 0.9797,                0.87031,                0.52498,                0.25259,                0.97981,               0.004885,               0.004885,               0.004885
                    158,                0.49013,                0.29021,                0.92293,                0.95919,                0.96727,                0.97964,                0.86998,                0.52486,                0.25222,                0.97981,               0.004852,               0.004852,               0.004852
                    159,                0.49062,                0.28875,                0.92312,                0.95909,                0.96728,                0.97966,                0.87047,                0.52469,                0.25242,                0.97978,               0.004819,               0.004819,               0.004819
                    160,                 0.4854,                0.28522,                0.92128,                0.95931,                0.96723,                 0.9797,                0.87008,                0.52464,                0.25258,                 0.9799,               0.004786,               0.004786,               0.004786
                    161,                0.48293,                0.28592,                0.92157,                0.95932,                 0.9673,                0.97958,                0.86999,                0.52439,                0.25277,                0.97981,               0.004753,               0.004753,               0.004753
                    162,                0.48609,                0.28579,                0.92296,                0.95935,                0.96721,                0.97976,                 0.8704,                0.52436,                0.25259,                0.97999,                0.00472,                0.00472,                0.00472
                    163,                0.48845,                0.28656,                0.92286,                0.95933,                0.96732,                0.97956,                0.86995,                0.52416,                0.25283,                0.97996,               0.004687,               0.004687,               0.004687
                    164,                0.48392,                0.28544,                0.91961,                0.95915,                0.96734,                0.97916,                0.87022,                0.52422,                0.25286,                0.98002,               0.004654,               0.004654,               0.004654
                    165,                0.48687,                0.28612,                0.91893,                0.95899,                0.96736,                0.97968,                0.87107,                0.52432,                0.25315,                0.98033,               0.004621,               0.004621,               0.004621
                    166,                0.48204,                0.28317,                0.92068,                0.95883,                0.96739,                0.98009,                0.87129,                0.52417,                0.25311,                0.98025,               0.004588,               0.004588,               0.004588
                    167,                 0.4858,                0.28508,                0.92052,                0.95893,                0.96741,                0.98022,                0.87111,                0.52414,                0.25305,                0.98025,               0.004555,               0.004555,               0.004555
                    168,                0.48354,                0.28521,                 0.9198,                0.95874,                0.96741,                0.98024,                0.87148,                0.52416,                0.25304,                0.98034,               0.004522,               0.004522,               0.004522
                    169,                0.48149,                 0.2823,                0.91882,                0.95851,                0.96719,                0.98023,                0.87195,                0.52394,                0.25295,                0.98027,               0.004489,               0.004489,               0.004489
                    170,                 0.4795,                0.28144,                0.91793,                0.95862,                0.96718,                0.98028,                 0.8722,                0.52366,                0.25341,                 0.9801,               0.004456,               0.004456,               0.004456
                    171,                0.48293,                0.28366,                0.92339,                0.95881,                0.96714,                0.98056,                0.87173,                0.52366,                0.25304,                 0.9801,               0.004423,               0.004423,               0.004423
                    172,                0.48033,                0.28553,                0.92015,                0.95868,                0.96716,                 0.9804,                0.87155,                0.52344,                0.25307,                0.98001,                0.00439,                0.00439,                0.00439
                    173,                0.47786,                  0.283,                 0.9173,                0.95892,                0.96712,                 0.9804,                0.87214,                0.52326,                 0.2531,                0.97993,               0.004357,               0.004357,               0.004357
                    174,                 0.4787,                0.27878,                0.91858,                0.95916,                0.96652,                0.98016,                0.87212,                0.52307,                0.25316,                0.97985,               0.004324,               0.004324,               0.004324
                    175,                0.47947,                0.28099,                0.91994,                0.95905,                0.96644,                0.98009,                0.87203,                0.52287,                0.25268,                0.97984,               0.004291,               0.004291,               0.004291
                    176,                0.47293,                0.27908,                0.91634,                0.95895,                0.96675,                0.98024,                0.87217,                0.52285,                0.25328,                0.98003,               0.004258,               0.004258,               0.004258
                    177,                0.47715,                0.27871,                0.91871,                0.95891,                0.96619,                0.98001,                0.87193,                0.52266,                0.25318,                0.98005,               0.004225,               0.004225,               0.004225
                    178,                0.47232,                 0.2794,                 0.9182,                0.95915,                0.96582,                0.98014,                0.87145,                0.52257,                0.25345,                0.97999,               0.004192,               0.004192,               0.004192
                    179,                 0.4689,                 0.2762,                0.91502,                0.95891,                0.96439,                0.98028,                0.87178,                0.52233,                0.25386,                 0.9799,               0.004159,               0.004159,               0.004159
                    180,                  0.474,                 0.2756,                0.91675,                0.95918,                0.96407,                0.98006,                0.87109,                0.52234,                0.25397,                   0.98,               0.004126,               0.004126,               0.004126
                    181,                0.47087,                0.27663,                0.91375,                0.95951,                0.96388,                0.97959,                0.87025,                 0.5222,                0.25376,                0.97995,               0.004093,               0.004093,               0.004093
                    182,                0.47231,                0.28029,                0.91741,                0.95533,                0.96617,                0.97991,                0.87058,                0.52208,                0.25361,                0.97994,                0.00406,                0.00406,                0.00406
                    183,                0.46911,                0.27632,                0.91517,                0.95677,                0.96424,                0.97995,                0.87015,                 0.5218,                  0.254,                 0.9798,               0.004027,               0.004027,               0.004027
                    184,                 0.4669,                0.27507,                 0.9122,                0.95718,                0.96344,                   0.98,                 0.8723,                0.52152,                0.25409,                0.97971,               0.003994,               0.003994,               0.003994
                    185,                0.46672,                0.27167,                0.91456,                 0.9581,                0.96304,                0.97933,                0.87148,                0.52139,                0.25398,                0.97962,               0.003961,               0.003961,               0.003961
                    186,                0.46711,                0.27097,                 0.9123,                0.95764,                0.96346,                0.97926,                0.87046,                0.52123,                0.25414,                0.97963,               0.003928,               0.003928,               0.003928
                    187,                0.46735,                0.27637,                0.91562,                0.95779,                0.96296,                0.97884,                0.86978,                0.52103,                0.25397,                 0.9795,               0.003895,               0.003895,               0.003895
                    188,                0.46447,                0.27294,                0.91233,                0.95736,                0.96363,                 0.9796,                0.87162,                0.52091,                0.25444,                0.97951,               0.003862,               0.003862,               0.003862
                    189,                0.46449,                0.27166,                0.91098,                0.95788,                0.96362,                0.97961,                0.87089,                0.52079,                0.25401,                0.97949,               0.003829,               0.003829,               0.003829
                    190,                0.46329,                0.27411,                0.91258,                0.95747,                0.96306,                0.97986,                0.87065,                0.52061,                0.25421,                0.97947,               0.003796,               0.003796,               0.003796
                    191,                0.46065,                0.26904,                0.91135,                0.95816,                0.96293,                0.97981,                0.86948,                0.52042,                0.25432,                0.97949,               0.003763,               0.003763,               0.003763
                    192,                0.46455,                0.27306,                0.91383,                0.95734,                 0.9639,                0.97954,                0.86942,                 0.5201,                 0.2542,                0.97936,                0.00373,                0.00373,                0.00373
                    193,                0.46007,                0.26986,                0.91166,                0.95773,                0.96335,                0.97964,                0.86988,                0.52007,                0.25408,                 0.9794,               0.003697,               0.003697,               0.003697
                    194,                0.45986,                0.27181,                0.90913,                0.95854,                  0.963,                0.97985,                 0.8704,                0.51998,                0.25415,                0.97937,               0.003664,               0.003664,               0.003664
                    195,                0.46119,                0.27137,                0.91114,                0.95899,                0.96338,                0.98006,                0.87041,                0.51996,                0.25409,                0.97933,               0.003631,               0.003631,               0.003631
                    196,                 0.4576,                0.26483,                0.90863,                0.95898,                0.96372,                0.97881,                0.86918,                0.51953,                0.25406,                0.97919,               0.003598,               0.003598,               0.003598
                    197,                 0.4595,                0.26783,                0.91142,                0.95869,                0.96532,                0.97965,                0.87029,                0.51944,                0.25433,                0.97923,               0.003565,               0.003565,               0.003565
                    198,                0.46071,                0.26916,                 0.9087,                0.95722,                0.96571,                0.97931,                0.87014,                0.51949,                0.25409,                0.97927,               0.003532,               0.003532,               0.003532
                    199,                0.45553,                0.26563,                0.90932,                0.95723,                0.96616,                0.97945,                0.87059,                 0.5195,                0.25396,                0.97936,               0.003499,               0.003499,               0.003499
                    200,                0.45713,                0.26469,                0.91038,                0.95729,                0.96649,                0.97941,                0.87006,                0.51951,                0.25413,                0.97949,               0.003466,               0.003466,               0.003466
                    201,                0.45864,                0.26698,                 0.9123,                0.95857,                0.96405,                0.97953,                 0.8703,                 0.5194,                0.25433,                0.97948,               0.003433,               0.003433,               0.003433
                    202,                 0.4501,                 0.2634,                0.90426,                0.95838,                0.96413,                0.98008,                0.87114,                0.51934,                0.25447,                0.97958,                 0.0034,                 0.0034,                 0.0034
                    203,                 0.4537,                0.26395,                0.90875,                0.95829,                0.96412,                0.97976,                0.87014,                 0.5192,                0.25406,                0.97955,               0.003367,               0.003367,               0.003367
                    204,                0.44967,                0.26199,                0.90705,                0.95795,                 0.9652,                0.97925,                0.86999,                0.51917,                0.25424,                0.97965,               0.003334,               0.003334,               0.003334
                    205,                0.45333,                0.26043,                 0.9063,                0.95891,                0.96459,                0.97958,                0.86971,                0.51892,                0.25437,                0.97961,               0.003301,               0.003301,               0.003301
                    206,                0.44855,                0.26106,                0.90628,                0.95838,                0.96493,                0.97954,                0.86957,                0.51888,                 0.2548,                 0.9797,               0.003268,               0.003268,               0.003268
                    207,                0.45038,                0.26094,                0.90771,                0.95831,                0.96498,                 0.9795,                0.86953,                0.51864,                0.25533,                0.97971,               0.003235,               0.003235,               0.003235
                    208,                0.45174,                0.25876,                0.90658,                0.95722,                0.96532,                0.97926,                0.87043,                0.51856,                0.25561,                0.97975,               0.003202,               0.003202,               0.003202
                    209,                0.44556,                0.26164,                0.90582,                 0.9574,                0.96504,                0.97886,                0.87004,                0.51846,                0.25538,                0.97975,               0.003169,               0.003169,               0.003169
                    210,                0.44598,                0.26166,                0.90511,                0.95871,                 0.9642,                0.97964,                0.87067,                0.51847,                 0.2552,                0.97988,               0.003136,               0.003136,               0.003136
                    211,                0.44432,                0.25787,                0.90245,                0.95866,                0.96429,                0.97902,                0.87078,                0.51848,                0.25528,                0.98002,               0.003103,               0.003103,               0.003103
                    212,                0.44588,                0.25706,                0.90455,                0.95876,                0.96426,                 0.9793,                0.87084,                0.51844,                0.25561,                0.98004,                0.00307,                0.00307,                0.00307
                    213,                0.44713,                0.25964,                 0.9044,                0.95899,                0.96402,                0.97902,                0.87134,                0.51821,                0.25552,                0.97988,               0.003037,               0.003037,               0.003037
                    214,                0.44361,                0.25784,                 0.9035,                0.95924,                0.96337,                0.97879,                0.87114,                0.51807,                0.25582,                0.97982,               0.003004,               0.003004,               0.003004
                    215,                0.44251,                0.25687,                0.90408,                0.95905,                0.96334,                 0.9787,                0.87162,                0.51799,                0.25586,                0.97979,               0.002971,               0.002971,               0.002971
                    216,                 0.4431,                0.25439,                0.90577,                0.95811,                0.96271,                0.97878,                0.87154,                0.51791,                0.25586,                0.97975,               0.002938,               0.002938,               0.002938
                    217,                0.44224,                0.25484,                0.90276,                0.95816,                0.96272,                0.97866,                 0.8714,                0.51798,                0.25616,                0.97989,               0.002905,               0.002905,               0.002905
                    218,                0.44076,                0.25411,                0.90265,                0.95815,                0.96276,                0.97883,                0.87192,                0.51793,                0.25633,                0.97985,               0.002872,               0.002872,               0.002872
                    219,                 0.4372,                0.25505,                0.90243,                0.95811,                0.96258,                0.97901,                 0.8719,                0.51781,                0.25623,                0.97988,               0.002839,               0.002839,               0.002839
                    220,                0.43934,                0.25556,                 0.9035,                0.95794,                0.96253,                0.97849,                0.87145,                0.51765,                0.25663,                0.97985,               0.002806,               0.002806,               0.002806
                    221,                0.43653,                0.25273,                0.90094,                0.95791,                0.96249,                0.97872,                0.87265,                0.51767,                0.25683,                 0.9799,               0.002773,               0.002773,               0.002773
                    222,                0.43606,                0.25622,                0.90128,                0.95789,                0.96251,                0.97866,                0.87236,                0.51762,                0.25706,                0.97986,                0.00274,                0.00274,                0.00274
                    223,                0.43792,                0.25606,                0.90266,                 0.9582,                0.96244,                0.97877,                0.87243,                 0.5175,                0.25719,                0.97991,               0.002707,               0.002707,               0.002707
                    224,                0.43447,                0.25329,                0.89913,                 0.9592,                0.96312,                0.97886,                0.87242,                0.51767,                0.25713,                 0.9801,               0.002674,               0.002674,               0.002674
                    225,                0.43484,                0.25168,                0.90072,                0.95933,                0.96294,                0.97904,                0.87296,                0.51767,                0.25743,                0.98016,               0.002641,               0.002641,               0.002641
                    226,                 0.4317,                0.24942,                0.89984,                0.95941,                0.96289,                0.97875,                0.87228,                0.51761,                0.25779,                 0.9802,               0.002608,               0.002608,               0.002608
                    227,                0.43147,                0.25136,                0.90099,                0.95926,                0.96292,                0.97855,                0.87273,                0.51761,                0.25838,                0.98034,               0.002575,               0.002575,               0.002575
                    228,                0.43041,                0.24988,                0.90106,                0.95875,                0.96248,                0.97834,                0.87169,                0.51763,                0.25807,                0.98059,               0.002542,               0.002542,               0.002542
                    229,                0.43181,                0.24881,                0.90019,                0.95866,                0.96251,                0.97767,                0.87247,                0.51757,                0.25783,                0.98068,               0.002509,               0.002509,               0.002509
                    230,                0.42673,                0.24532,                0.89627,                0.95859,                0.96259,                0.97748,                0.87236,                0.51745,                0.25794,                0.98067,               0.002476,               0.002476,               0.002476
                    231,                0.42768,                 0.2436,                0.89766,                0.95862,                0.96265,                0.97779,                0.87271,                0.51738,                0.25795,                0.98074,               0.002443,               0.002443,               0.002443
                    232,                0.42684,                0.24912,                0.89837,                0.95914,                 0.9629,                0.97757,                0.87302,                0.51723,                0.25836,                0.98083,                0.00241,                0.00241,                0.00241
                    233,                0.42937,                0.24739,                0.89979,                0.95958,                 0.9625,                0.97756,                0.87238,                0.51708,                0.25834,                0.98084,               0.002377,               0.002377,               0.002377
                    234,                 0.4239,                0.24839,                0.89582,                0.95956,                0.96274,                0.97777,                0.87281,                0.51694,                0.25848,                0.98088,               0.002344,               0.002344,               0.002344
                    235,                0.42496,                0.24398,                0.89511,                0.95958,                0.96272,                0.97763,                0.87234,                0.51694,                 0.2592,                0.98103,               0.002311,               0.002311,               0.002311
                    236,                0.42376,                0.24298,                 0.8965,                0.96182,                0.95873,                0.97759,                0.87244,                0.51693,                0.25933,                0.98118,               0.002278,               0.002278,               0.002278
                    237,                0.42152,                0.24455,                 0.8985,                0.96173,                0.95876,                0.97765,                0.87209,                0.51683,                0.25958,                0.98129,               0.002245,               0.002245,               0.002245
                    238,                0.42214,                0.24276,                 0.8973,                0.96144,                0.95914,                0.97733,                0.87218,                0.51677,                0.25959,                0.98133,               0.002212,               0.002212,               0.002212
                    239,                0.41866,                0.24372,                 0.8963,                0.96149,                0.95933,                 0.9775,                0.87241,                0.51676,                0.25992,                0.98143,               0.002179,               0.002179,               0.002179
                    240,                0.42187,                0.24407,                0.89596,                0.96134,                0.95963,                0.97749,                0.87206,                0.51673,                0.25997,                0.98156,               0.002146,               0.002146,               0.002146
                    241,                0.41979,                0.24147,                 0.8945,                0.95856,                  0.963,                0.97748,                0.87209,                 0.5166,                0.26001,                0.98162,               0.002113,               0.002113,               0.002113
                    242,                0.41812,                0.23896,                 0.8962,                0.96146,                0.95965,                0.97679,                 0.8725,                0.51646,                0.25993,                0.98175,                0.00208,                0.00208,                0.00208
                    243,                0.41512,                 0.2378,                 0.8933,                0.96168,                0.95969,                0.97653,                0.87258,                0.51619,                0.26082,                0.98159,               0.002047,               0.002047,               0.002047
                    244,                0.41324,                0.23979,                0.89195,                0.96249,                0.95981,                0.97631,                0.87193,                0.51662,                0.26156,                0.98209,               0.002014,               0.002014,               0.002014
                    245,                0.41112,                0.23761,                0.89296,                0.96358,                0.95984,                0.97615,                0.87148,                0.51624,                0.26057,                0.98172,               0.001981,               0.001981,               0.001981
                    246,                0.41506,                0.24038,                 0.8935,                0.96392,                0.95996,                0.97656,                0.87175,                0.51621,                0.26051,                0.98187,               0.001948,               0.001948,               0.001948
                    247,                0.41159,                0.23768,                0.89038,                0.96385,                0.96016,                0.97654,                0.87169,                0.51607,                0.26049,                0.98181,               0.001915,               0.001915,               0.001915
                    248,                0.40839,                0.23724,                0.89192,                0.96226,                0.95976,                0.97656,                0.87199,                0.51591,                0.26004,                0.98189,               0.001882,               0.001882,               0.001882
                    249,                0.40935,                 0.2351,                0.89108,                0.96196,                0.96004,                0.97618,                0.87077,                 0.5158,                0.26033,                0.98197,               0.001849,               0.001849,               0.001849
                    250,                0.40696,                0.23204,                0.88942,                 0.9631,                0.96118,                 0.9764,                0.87045,                0.51585,                0.26041,                0.98201,               0.001816,               0.001816,               0.001816
                    251,                0.40926,                0.23417,                0.89011,                0.96182,                0.96018,                  0.976,                0.87094,                0.51571,                0.26063,                0.98205,               0.001783,               0.001783,               0.001783
                    252,                0.40588,                0.23202,                0.89216,                0.96163,                0.96006,                0.97641,                0.87143,                0.51559,                 0.2609,                0.98211,                0.00175,                0.00175,                0.00175
                    253,                0.40694,                0.23466,                0.88834,                0.96143,                 0.9602,                0.97629,                0.87072,                0.51558,                 0.2613,                0.98226,               0.001717,               0.001717,               0.001717
                    254,                0.40558,                0.23123,                0.89095,                0.96161,                0.96056,                0.97645,                0.87175,                0.51561,                0.26109,                0.98248,               0.001684,               0.001684,               0.001684
                    255,                0.40273,                0.22971,                0.88984,                0.96117,                0.96088,                0.97642,                0.87187,                 0.5155,                0.26109,                0.98257,               0.001651,               0.001651,               0.001651
                    256,                0.40325,                0.23085,                0.88928,                0.96137,                0.96093,                0.97637,                0.87181,                0.51533,                0.26091,                0.98252,               0.001618,               0.001618,               0.001618
                    257,                0.40096,                0.22955,                0.88696,                0.96292,                0.95936,                 0.9759,                0.87153,                0.51537,                0.26065,                0.98277,               0.001585,               0.001585,               0.001585
                    258,                0.39976,                0.22906,                0.88871,                0.96258,                0.95954,                0.97581,                0.87117,                0.51528,                0.26081,                0.98288,               0.001552,               0.001552,               0.001552
                    259,                0.39748,                0.22785,                0.88727,                0.96317,                0.95932,                0.97579,                0.87081,                0.51532,                0.26044,                0.98298,               0.001519,               0.001519,               0.001519
                    260,                0.39961,                0.23268,                0.88914,                0.96301,                0.95928,                0.97571,                0.87117,                0.51522,                 0.2607,                 0.9831,               0.001486,               0.001486,               0.001486
                    261,                0.39766,                0.22792,                0.88632,                0.96175,                0.95957,                 0.9758,                0.87049,                 0.5152,                0.26059,                0.98318,               0.001453,               0.001453,               0.001453
                    262,                0.39481,                0.22733,                0.88472,                0.96157,                 0.9602,                0.97574,                0.87095,                0.51526,                0.26077,                0.98328,                0.00142,                0.00142,                0.00142
                    263,                0.39896,                0.22843,                 0.8877,                0.96156,                0.95998,                0.97579,                0.87094,                0.51519,                0.26089,                0.98336,               0.001387,               0.001387,               0.001387
                    264,                 0.3914,                0.22258,                0.88371,                0.96154,                0.95946,                0.97545,                0.87029,                0.51514,                0.26104,                0.98346,               0.001354,               0.001354,               0.001354
                    265,                0.39062,                0.22525,                0.88448,                0.96151,                0.95958,                0.97522,                0.87094,                0.51511,                0.26149,                0.98356,               0.001321,               0.001321,               0.001321
                    266,                 0.3917,                0.22482,                0.88166,                0.96102,                0.95981,                0.97531,                0.86996,                0.51513,                0.26118,                0.98373,               0.001288,               0.001288,               0.001288
                    267,                0.38932,                0.22396,                0.88315,                0.95971,                0.95913,                0.97532,                0.87106,                0.51513,                0.26133,                0.98388,               0.001255,               0.001255,               0.001255
                    268,                0.38669,                0.22016,                0.88189,                0.95951,                0.96246,                0.97545,                0.87039,                0.51513,                0.26126,                0.98405,               0.001222,               0.001222,               0.001222
                    269,                0.38662,                0.22165,                0.88346,                0.95947,                0.96176,                0.97539,                0.87045,                0.51512,                 0.2609,                0.98417,               0.001189,               0.001189,               0.001189
                    270,                0.38799,                0.22114,                0.88391,                 0.9594,                0.96152,                0.97566,                0.86961,                0.51502,                0.26099,                0.98421,               0.001156,               0.001156,               0.001156
                    271,                0.38674,                0.22063,                 0.8837,                0.95933,                 0.9614,                 0.9757,                0.87055,                0.51496,                0.26104,                0.98435,               0.001123,               0.001123,               0.001123
                    272,                 0.3841,                0.21974,                0.88057,                0.95886,                 0.9618,                0.97599,                0.87058,                0.51496,                0.26127,                0.98461,                0.00109,                0.00109,                0.00109
                    273,                0.38302,                0.21803,                 0.8805,                0.95861,                 0.9619,                0.97593,                0.87085,                0.51503,                  0.261,                0.98471,               0.001057,               0.001057,               0.001057
                    274,                0.38511,                0.22003,                0.88251,                0.96141,                 0.9584,                0.97619,                0.87157,                0.51488,                0.26132,                0.98479,               0.001024,               0.001024,               0.001024
                    275,                 0.3832,                0.22037,                0.88102,                0.96168,                0.95634,                0.97618,                0.87168,                0.51491,                0.26148,                0.98517,               0.000991,               0.000991,               0.000991
